sound,sound_ipa,target,word,gloss,position,manner,place,laryngeal,category,following_vowel,stress,documented_asp,probe,provenance,preceding_seg,notes
p,p,p,pablú,to burrow,initial,stop,labial,plain,stop_plain,a,unstressed,,,,,
p,p,p,tópa,four,intervocalic,stop,labial,plain,stop_plain,a,unstressed,,,,,
p,p,p,po,"plural imperative indicator, masc. tx",initial,stop,labial,plain,stop_plain,o,unstressed,,,,,
p,p,p,nitéhepi,lower body,intervocalic,stop,labial,plain,stop_plain,i,unstressed,,,,,
t,t,t,takúŋlȟčiŋ,"something, anything [in a question]",initial,stop,coronal,plain,stop_plain,a,unstressed,,,,,
t,t,t,yúta,to eat something,intervocalic,stop,coronal,plain,stop_plain,a,unstressed,,,,,
t,t,t,tiktíča,to be sticky and soft,initial,stop,coronal,plain,stop_plain,i,unstressed,,,,,
t,t,t,niyáte,your father,intervocalic,stop,coronal,plain,stop_plain,e,unstressed,,,,,
k,k,k,kíŋzA,to whine or moan,initial,stop,velar,plain,stop_plain,iŋ,stressed,,,,,
k,k,k,kiwáštečakA,to be nice or pleasant to somebody,intervocalic,stop,velar,plain,stop_plain,a,unstressed,,,,,
k,k,k,kazé,to ladle,initial,stop,velar,plain,stop_plain,a,stressed,,,,,
k,k,k,tíŋsko,how big?,intervocalic,stop,velar,plain,stop_plain,o,unstressed,,,,,
ph,pʰ,ph,phiyá,"again, anew",initial,stop,labial,aspirated_glottal,stop_aspirated,i,unstressed,,,,,
ph,pʰ,ph,ȟ'aŋmáphiča,I can do it,intervocalic,stop,labial,aspirated_glottal,stop_aspirated,i,unstressed,,,,,
ph,pʰ,ph,pheží,grass,initial,stop,labial,aspirated_glottal,stop_aspirated,e,unstressed,glottal,,,,
ph,pʰ,ph,íphi,be full,intervocalic,stop,labial,aspirated_glottal,stop_aspirated,i,unstressed,,,,,
p',pʼ,p',p'ó,"fog, mist, steam",initial,stop,labial,ejective,stop_ejective,o,stressed,,,,,
p',pʼ,p',p'óp'ó,"fog, mist, steam (redup)",intervocalic,stop,labial,ejective,stop_ejective,o,stressed,,,,,
p',pʼ,p',p'é,American elm,initial,stop,labial,ejective,stop_ejective,e,stressed,,,,,
p',pʼ,p',makȟóp'oya,kick up dust when walking,intervocalic,stop,labial,ejective,stop_ejective,o,unstressed,,,,,
th,tʰ,th,thípi,"house, dwelling",initial,stop,coronal,aspirated_glottal,stop_aspirated,i,stressed,,,,,
th,tʰ,th,wówapi-othí,library,intervocalic,stop,coronal,aspirated_glottal,stop_aspirated,i,stressed,,,,,
th,tʰ,th,theȟí,to be difficult,initial,stop,coronal,aspirated_glottal,stop_aspirated,e,unstressed,glottal,,,,
th,tʰ,th,ithéhu,forehead,intervocalic,stop,coronal,aspirated_glottal,stop_aspirated,e,stressed,glottal,,,,
t',tʼ,t',t'é,to die,initial,stop,coronal,ejective,stop_ejective,e,stressed,,,,,
t',tʼ,t',t'at'á,"to be mentally disabled, fatigued",intervocalic,stop,coronal,ejective,stop_ejective,a,stressed,,,,,
t',tʼ,t',t'áǧa,"to be rough, tart",initial,stop,coronal,ejective,stop_ejective,a,stressed,,,,,
t',tʼ,t',it'élyA,to make something tepid,intervocalic,stop,coronal,ejective,stop_ejective,e,stressed,,,,,
kh,kʰ,kh,khiglékhiyA,to send somebody from here back there,initial,stop,velar,aspirated_glottal,stop_aspirated,i,unstressed,,,,,
kh,kʰ,kh,tȟóziwakhiye,"to paint something green, 1st person",intervocalic,stop,velar,aspirated_glottal,stop_aspirated,i,unstressed,,,,,
kh,kʰ,kh,khukhúše,pig,initial,stop,velar,aspirated_glottal,stop_aspirated,u,unstressed,,,,,
kh,kʰ,kh,kákhetuya,"so, thus",intervocalic,stop,velar,aspirated_glottal,stop_aspirated,e,unstressed,glottal,,,,
k',kʼ,k',k'ó,"there is noise, confusion",initial,stop,velar,ejective,stop_ejective,o,stressed,,,,,
k',kʼ,k',kak'óǧa,to scrape off a surface layer of something,intervocalic,stop,velar,ejective,stop_ejective,o,stressed,,,,,
k',kʼ,k',k'ín,to dig,initial,stop,velar,ejective,stop_ejective,iŋ,stressed,,,,,
k',kʼ,k',mák'eya,"interjective, Nonsense! Foolish!",intervocalic,stop,velar,ejective,stop_ejective,e,unstressed,,,,,
č,tʃ,č,čahál,who knows!,initial,affricate,postalveolar,plain,affricate_plain,a,unstressed,,,,,
č,tʃ,č,tȟoktȟókeča,different in each case,intervocalic,affricate,postalveolar,plain,affricate_plain,a,unstressed,,,,,
č,tʃ,č,čépȟaŋ,"my sister-in-law (woman speaking, term of address)",initial,affricate,postalveolar,plain,affricate_plain,e,stressed,,,,,
č,tʃ,č,iš'iča,to be ill from,intervocalic,affricate,postalveolar,plain,affricate_plain,a,unstressed,,,,,
čh,tʃh,čh,čhičhá,I mean you,initial,affricate,postalveolar,aspirated_glottal,affricate_aspirated,i,unstressed,,,,,
čh,tʃh,čh,owéčhaže,"type, kind",intervocalic,affricate,postalveolar,aspirated_glottal,affricate_aspirated,a,unstressed,,,,,
čh,tʃh,čh,čhaŋlé,to gather firewood,initial,affricate,postalveolar,aspirated_glottal,affricate_aspirated,a,unstressed,,,,,
čh,tʃh,čh,owékičhizapi,they fought each other,intervocalic,affricate,postalveolar,aspirated_glottal,affricate_aspirated,i,unstressed,,,,,
č',tʃʼ,č',č'ó,to give a splashing sound,initial,affricate,postalveolar,ejective,affricate_ejective,o,stressed,,,,,
č',tʃʼ,č',č'oč'ó,it gives a splashing sound,intervocalic,affricate,postalveolar,ejective,affricate_ejective,o,stressed,,,,,
č',tʃʼ,č',č'uŋ,the past,initial,affricate,postalveolar,ejective,affricate_ejective,uŋ,unstressed,,,,,
č',tʃʼ,č',ič'íčhA,to mean oneself,intervocalic,affricate,postalveolar,ejective,affricate_ejective,i,stressed,,,,,
pȟ,pχ,pȟ,pȟepȟé,to be prickly,initial,stop,labial,aspirated_uvular,stop_aspirated,e,unstressed,uvular,,,,
pȟ,pχ,pȟ,sniyópȟe,frost-bitten,intervocalic,stop,labial,aspirated_uvular,stop_aspirated,e,unstressed,uvular,,,,
pȟ,pχ,pȟ,pȟá,to be bitter,initial,stop,labial,aspirated_uvular,stop_aspirated,a,stressed,,,,,
pȟ,pχ,pȟ,omás'apȟe,telephone,intervocalic,stop,labial,aspirated_uvular,stop_aspirated,e,unstressed,uvular,,,,
tȟ,tχ,tȟ,tȟówáš,first of all,initial,stop,coronal,aspirated_uvular,stop_aspirated,o,stressed,,,,,
tȟ,tχ,tȟ,wačhíŋtȟuŋ,to have good sense,intervocalic,stop,coronal,aspirated_uvular,stop_aspirated,uŋ,unstressed,,,,,
tȟ,tχ,tȟ,tȟapȟúŋ,cheek,initial,stop,coronal,aspirated_uvular,stop_aspirated,a,stressed,,,,,
tȟ,tχ,tȟ,omáwahitȟuŋ,"my co-parent-in-law, parent of my child's spouse",intervocalic,stop,coronal,aspirated_uvular,stop_aspirated,uŋ,unstressed,,,,,
kȟ,kχ,kȟ,kȟó,"also, too",initial,stop,velar,aspirated_uvular,stop_aspirated,o,stressed,,,,,
kȟ,kχ,kȟ,wačhíŋkȟo,"to pout, sulk",intervocalic,stop,velar,aspirated_uvular,stop_aspirated,o,unstressed,,,,,
kȟ,kχ,kȟ,kȟá,"almost, would",initial,stop,velar,aspirated_uvular,stop_aspirated,a,stressed,,,,,
kȟ,kχ,kȟ,Lakȟóta,Lakota,intervocalic,stop,velar,aspirated_uvular,stop_aspirated,o,stressed,,,,,
s,s,s,sáŋp,"more, beyond",initial,fricative,alveolar,plain,fricative_plain,aŋ,stressed,,,,,
s,s,s,sisáŋni,one foot,intervocalic,fricative,alveolar,plain,fricative_plain,aŋ,stressed,,,,,
s,s,s,siŋté,tail,initial,fricative,alveolar,plain,fricative_plain,iŋ,unstressed,,,,,
s,s,s,kasótA,"to kill, defeat, eradicate",intervocalic,fricative,alveolar,plain,fricative_plain,o,stressed,,,,,
s',sʼ,s',s'eléča,as though,initial,fricative,alveolar,ejective,fricative_ejective,e,unstressed,,,,,
s',sʼ,s',šmišmí s'e,with little or no hair,intervocalic,fricative,alveolar,ejective,fricative_ejective,e,unstressed,,,,,
s',sʼ,s',s'á,to hiss,initial,fricative,alveolar,ejective,fricative_ejective,a,stressed,,,,,
s',sʼ,s',kas'ála,strutting proudly,intervocalic,fricative,alveolar,ejective,fricative_ejective,a,stressed,,,,,
š,ʃ,š,šašá,to be red (inanimate plural),initial,fricative,postalveolar,plain,fricative_plain,a,unstressed,,,,,
s,s,s,wísaŋye,"white paint, dye",intervocalic,fricative,alveolar,plain,fricative_plain,a,unstressed,,,,,
š,ʃ,š,šiŋá,blanket,initial,fricative,postalveolar,plain,fricative_plain,i,unstressed,,,,,
š,ʃ,š,našula,brain,intervocalic,fricative,postalveolar,plain,fricative_plain,u,unstressed,,,,,
š',ʃʼ,š',š'á,"it is full of confused sound, din",initial,fricative,postalveolar,ejective,fricative_ejective,a,stressed,,,,,
š',ʃʼ,š',š'aš'á,"it is full of confused sound, din",intervocalic,fricative,postalveolar,ejective,fricative_ejective,a,stressed,,,,,
š',ʃʼ,š',š'é,to drip,initial,fricative,postalveolar,ejective,fricative_ejective,e,stressed,,,,,
š',ʃʼ,š',š'éš'e,to drip (redup),intervocalic,fricative,postalveolar,ejective,fricative_ejective,e,stressed,,,,,
ȟ,χ,ȟ,ȟá,to bury,initial,fricative,uvular,plain,fricative_plain,a,stressed,,,,,
ȟ,χ,ȟ,ȟaȟá,waterfall,intervocalic,fricative,uvular,plain,fricative_plain,a,stressed,,,,,
ȟ,χ,ȟ,ȟé,mountain,initial,fricative,uvular,plain,fricative_plain,e,stressed,,,,,
ȟ,χ,ȟ,ȟoȟóta,gray,intervocalic,fricative,uvular,plain,fricative_plain,o,stressed,,,,,
ȟ',χʼ,ȟ',ȟ'áŋ,to do,initial,fricative,uvular,ejective,fricative_ejective,a,stressed,,,,,
ȟ',χʼ,ȟ',oȟ'á,"it is mottled, moldy",intervocalic,fricative,uvular,ejective,fricative_ejective,a,stressed,,,,,
ȟ',χʼ,ȟ',ȟ'e,it is rough,initial,fricative,uvular,ejective,fricative_ejective,e,unstressed,,,,,
ȟ',χʼ,ȟ',ȟ'eȟ'éyela,in a ragged state,intervocalic,fricative,uvular,ejective,fricative_ejective,e,stressed,,,,,
